location,total_vaccinations,date,vaccine,source_url,people_vaccinated,people_fully_vaccinated,total_boosters
United States,556208,2020-12-20,Pfizer/BioNTech,https://www.cdc.gov/coronavirus/2019-ncov/vaccines/index.html,556208.0,,
United States,614117,2020-12-21,Pfizer/BioNTech,https://covid.cdc.gov/covid-data-tracker/#vaccinations,614117.0,,
United States,1008025,2020-12-23,"Moderna, Pfizer/BioNTech",https://covid.cdc.gov/covid-data-tracker/#vaccinations,1008025.0,,
United States,1944585,2020-12-26,"Moderna, Pfizer/BioNTech",https://covid.cdc.gov/covid-data-tracker/#vaccinations,1944585.0,,
United States,2127143,2020-12-28,"Moderna, Pfizer/BioNTech",https://covid.cdc.gov/covid-data-tracker/#vaccinations,2127143.0,,
United States,2794588,2020-12-30,"Moderna, Pfizer/BioNTech",https://covid.cdc.gov/covid-data-tracker/#vaccinations,2794588.0,,
United States,4225756,2021-01-02,"Moderna, Pfizer/BioNTech",https://covid.cdc.gov/covid-data-tracker/#vaccinations,4225756.0,,
United States,4563260,2021-01-04,"Moderna, Pfizer/BioNTech",https://covid.cdc.gov/covid-data-tracker/#vaccinations,4563260.0,,
United States,4836469,2021-01-05,"Moderna, Pfizer/BioNTech",https://covid.cdc.gov/covid-data-tracker/#vaccinations,4836469.0,,
United States,5306797,2021-01-06,"Moderna, Pfizer/BioNTech",https://covid.cdc.gov/covid-data-tracker/#vaccinations,5306797.0,,
United States,5919418,2021-01-07,"Moderna, Pfizer/BioNTech",https://covid.cdc.gov/covid-data-tracker/#vaccinations,5919418.0,,
United States,6688231,2021-01-08,"Moderna, Pfizer/BioNTech",https://covid.cdc.gov/covid-data-tracker/#vaccinations,6688231.0,,
United States,8987322,2021-01-11,"Moderna, Pfizer/BioNTech",https://covid.cdc.gov/covid-data-tracker/#vaccinations,8987322.0,,
United States,9327138,2021-01-12,"Moderna, Pfizer/BioNTech",https://covid.cdc.gov/covid-data-tracker/#vaccinations,9327138.0,,
United States,10278462,2021-01-13,"Moderna, Pfizer/BioNTech",https://covid.cdc.gov/covid-data-tracker/#vaccinations,,,
United States,11148991,2021-01-14,"Moderna, Pfizer/BioNTech",https://covid.cdc.gov/covid-data-tracker/#vaccinations,9690757.0,1342086.0,
United States,12279180,2021-01-15,"Moderna, Pfizer/BioNTech",https://covid.cdc.gov/covid-data-tracker/#vaccinations,10595866.0,1610524.0,
United States,15707588,2021-01-19,"Moderna, Pfizer/BioNTech",https://covid.cdc.gov/covid-data-tracker/#vaccinations,13595803.0,2023124.0,
United States,16525281,2021-01-20,"Moderna, Pfizer/BioNTech",https://covid.cdc.gov/covid-data-tracker/#vaccinations,14270441.0,2161419.0,
United States,17546374,2021-01-21,"Moderna, Pfizer/BioNTech",https://covid.cdc.gov/covid-data-tracker/#vaccinations,15053257.0,2394961.0,
United States,19107959,2021-01-22,"Moderna, Pfizer/BioNTech",https://covid.cdc.gov/covid-data-tracker/#vaccinations,16243093.0,2756953.0,
United States,20537990,2021-01-23,"Moderna, Pfizer/BioNTech",https://covid.cdc.gov/covid-data-tracker/#vaccinations,17390345.0,3027865.0,
United States,21848655,2021-01-24,"Moderna, Pfizer/BioNTech",https://covid.cdc.gov/covid-data-tracker/#vaccinations,18502131.0,3216836.0,
United States,22734243,2021-01-25,"Moderna, Pfizer/BioNTech",https://covid.cdc.gov/covid-data-tracker/#vaccinations,19252279.0,3346390.0,
United States,23540994,2021-01-26,"Moderna, Pfizer/BioNTech",https://covid.cdc.gov/covid-data-tracker/#vaccinations,19902237.0,3481921.0,
United States,24652634,2021-01-27,"Moderna, Pfizer/BioNTech",https://covid.cdc.gov/covid-data-tracker/#vaccinations,20687970.0,3801053.0,
United States,26193682,2021-01-28,"Moderna, Pfizer/BioNTech",https://covid.cdc.gov/covid-data-tracker/#vaccinations,21698606.0,4263056.0,
United States,27884661,2021-01-29,"Moderna, Pfizer/BioNTech",https://covid.cdc.gov/covid-data-tracker/#vaccinations,22858318.0,4780888.0,
United States,29577902,2021-01-30,"Moderna, Pfizer/BioNTech",https://covid.cdc.gov/covid-data-tracker/#vaccinations,24064165.0,5259693.0,
United States,31123299,2021-01-31,"Moderna, Pfizer/BioNTech",https://covid.cdc.gov/covid-data-tracker/#vaccinations,25201143.0,5657142.0,
United States,32222402,2021-02-01,"Moderna, Pfizer/BioNTech",https://covid.cdc.gov/covid-data-tracker/#vaccinations,26023153.0,5927847.0,
United States,32780860,2021-02-02,"Moderna, Pfizer/BioNTech",https://covid.cdc.gov/covid-data-tracker/#vaccinations,26440836.0,6064792.0,
United States,33878254,2021-02-03,"Moderna, Pfizer/BioNTech",https://covid.cdc.gov/covid-data-tracker/#vaccinations,27154956.0,6436931.0,
United States,35203710,2021-02-04,"Moderna, Pfizer/BioNTech",https://covid.cdc.gov/covid-data-tracker/#vaccinations,27905197.0,6926050.0,
United States,36819212,2021-02-05,"Moderna, Pfizer/BioNTech",https://covid.cdc.gov/covid-data-tracker/#vaccinations,28909497.0,7503864.0,
United States,39037964,2021-02-06,"Moderna, Pfizer/BioNTech",https://covid.cdc.gov/covid-data-tracker/#vaccinations,30250964.0,8317180.0,
United States,41210937,2021-02-07,"Moderna, Pfizer/BioNTech",https://covid.cdc.gov/covid-data-tracker/#vaccinations,31579100.0,9147185.0,
United States,42417617,2021-02-08,"Moderna, Pfizer/BioNTech",https://covid.cdc.gov/covid-data-tracker/#vaccinations,32340146.0,9518015.0,
United States,43206190,2021-02-09,"Moderna, Pfizer/BioNTech",https://covid.cdc.gov/covid-data-tracker/#vaccinations,32867213.0,9840429.0,
United States,44769970,2021-02-10,"Moderna, Pfizer/BioNTech",https://covid.cdc.gov/covid-data-tracker/#vaccinations,33783384.0,10469514.0,
United States,46390270,2021-02-11,"Moderna, Pfizer/BioNTech",https://covid.cdc.gov/covid-data-tracker/#vaccinations,34723964.0,11188782.0,
United States,48410558,2021-02-12,"Moderna, Pfizer/BioNTech",https://covid.cdc.gov/covid-data-tracker/#vaccinations,35834855.0,12085830.0,
United States,50641884,2021-02-13,"Moderna, Pfizer/BioNTech",https://covid.cdc.gov/covid-data-tracker/#vaccinations,37056122.0,13082172.0,
United States,52884356,2021-02-14,"Moderna, Pfizer/BioNTech",https://covid.cdc.gov/covid-data-tracker/#vaccinations,38292270.0,14077440.0,
United States,55220364,2021-02-16,"Moderna, Pfizer/BioNTech",https://covid.cdc.gov/covid-data-tracker/#vaccinations,39670551.0,15015434.0,
United States,56281827,2021-02-17,"Moderna, Pfizer/BioNTech",https://covid.cdc.gov/covid-data-tracker/#vaccinations,40268009.0,15471536.0,
United States,57737767,2021-02-18,"Moderna, Pfizer/BioNTech",https://covid.cdc.gov/covid-data-tracker/#vaccinations,41021049.0,16162358.0,
United States,59585043,2021-02-19,"Moderna, Pfizer/BioNTech",https://covid.cdc.gov/covid-data-tracker/#vaccinations,41977401.0,17039118.0,
United States,61289500,2021-02-20,"Moderna, Pfizer/BioNTech",https://covid.cdc.gov/covid-data-tracker/#vaccinations,42809595.0,17895667.0,
United States,63090634,2021-02-21,"Moderna, Pfizer/BioNTech",https://covid.cdc.gov/covid-data-tracker/#vaccinations,43628092.0,18865319.0,
United States,64177474,2021-02-22,"Moderna, Pfizer/BioNTech",https://covid.cdc.gov/covid-data-tracker/#vaccinations,44138118.0,19438495.0,
United States,65032083,2021-02-23,"Moderna, Pfizer/BioNTech",https://covid.cdc.gov/covid-data-tracker/#vaccinations,44544969.0,19882544.0,
United States,66464947,2021-02-24,"Moderna, Pfizer/BioNTech",https://covid.cdc.gov/covid-data-tracker/#vaccinations,45237143.0,20607261.0,
United States,68274117,2021-02-25,"Moderna, Pfizer/BioNTech",https://covid.cdc.gov/covid-data-tracker/#vaccinations,46074392.0,21555117.0,
United States,70454064,2021-02-26,"Moderna, Pfizer/BioNTech",https://covid.cdc.gov/covid-data-tracker/#vaccinations,47184199.0,22613359.0,
United States,72806180,2021-02-27,"Moderna, Pfizer/BioNTech",https://covid.cdc.gov/covid-data-tracker/#vaccinations,48435536.0,23698627.0,
United States,75236003,2021-02-28,"Moderna, Pfizer/BioNTech",https://covid.cdc.gov/covid-data-tracker/#vaccinations,49772180.0,24779920.0,
United States,76899987,2021-03-01,"Moderna, Pfizer/BioNTech",https://covid.cdc.gov/covid-data-tracker/#vaccinations,50732997.0,25466405.0,
United States,78631601,2021-03-02,"Moderna, Pfizer/BioNTech",https://covid.cdc.gov/covid-data-tracker/#vaccinations,51755447.0,26162122.0,
United States,80540474,2021-03-03,"Moderna, Pfizer/BioNTech",https://covid.cdc.gov/covid-data-tracker/#vaccinations,52855579.0,26957804.0,
United States,82572848,2021-03-04,"Moderna, Pfizer/BioNTech",https://covid.cdc.gov/covid-data-tracker/#vaccinations,54035670.0,27795980.0,
United States,85008094,2021-03-05,"Johnson&Johnson, Moderna, Pfizer/BioNTech",https://covid.cdc.gov/covid-data-tracker/#vaccinations,55547697.0,28701201.0,
United States,87912323,2021-03-06,"Johnson&Johnson, Moderna, Pfizer/BioNTech",https://covid.cdc.gov/covid-data-tracker/#vaccinations,57358849.0,29776160.0,
United States,90351750,2021-03-07,"Johnson&Johnson, Moderna, Pfizer/BioNTech",https://covid.cdc.gov/covid-data-tracker/#vaccinations,58873710.0,30686881.0,
United States,92089852,2021-03-08,"Johnson&Johnson, Moderna, Pfizer/BioNTech",https://covid.cdc.gov/covid-data-tracker/#vaccinations,60005231.0,31493040.0,
United States,93692598,2021-03-09,"Johnson&Johnson, Moderna, Pfizer/BioNTech",https://covid.cdc.gov/covid-data-tracker/#vaccinations,61088527.0,32102061.0,
United States,95721290,2021-03-10,"Johnson&Johnson, Moderna, Pfizer/BioNTech",https://covid.cdc.gov/covid-data-tracker/#vaccinations,62451150.0,32904161.0,
United States,98203893,2021-03-11,"Johnson&Johnson, Moderna, Pfizer/BioNTech",https://covid.cdc.gov/covid-data-tracker/#vaccinations,64071674.0,33863127.0,
United States,101128005,2021-03-12,"Johnson&Johnson, Moderna, Pfizer/BioNTech",https://covid.cdc.gov/covid-data-tracker/#vaccinations,65965305.0,35000159.0,
United States,105703501,2021-03-13,"Johnson&Johnson, Moderna, Pfizer/BioNTech",https://covid.cdc.gov/covid-data-tracker/#vaccinations,68884011.0,36929777.0,
United States,107060274,2021-03-14,"Johnson&Johnson, Moderna, Pfizer/BioNTech",https://covid.cdc.gov/covid-data-tracker/#vaccinations,69784210.0,37459269.0,
United States,109081860,2021-03-15,"Johnson&Johnson, Moderna, Pfizer/BioNTech",https://covid.cdc.gov/covid-data-tracker/#vaccinations,71054445.0,38335432.0,
United States,110737856,2021-03-16,"Johnson&Johnson, Moderna, Pfizer/BioNTech",https://covid.cdc.gov/covid-data-tracker/#vaccinations,72135616.0,39042345.0,
United States,113037627,2021-03-17,"Johnson&Johnson, Moderna, Pfizer/BioNTech",https://covid.cdc.gov/covid-data-tracker/#vaccinations,73669956.0,39989196.0,
United States,115730008,2021-03-18,"Johnson&Johnson, Moderna, Pfizer/BioNTech",https://covid.cdc.gov/covid-data-tracker/#vaccinations,75495716.0,40981464.0,
United States,118313818,2021-03-19,"Johnson&Johnson, Moderna, Pfizer/BioNTech",https://covid.cdc.gov/covid-data-tracker/#vaccinations,77230061.0,41934629.0,
United States,121441497,2021-03-20,"Johnson&Johnson, Moderna, Pfizer/BioNTech",https://covid.cdc.gov/covid-data-tracker/#vaccinations,79367225.0,43036818.0,
United States,124481412,2021-03-21,"Johnson&Johnson, Moderna, Pfizer/BioNTech",https://covid.cdc.gov/covid-data-tracker/#vaccinations,81415769.0,44141228.0,
United States,126509736,2021-03-22,"Johnson&Johnson, Moderna, Pfizer/BioNTech",https://covid.cdc.gov/covid-data-tracker/#vaccinations,82772416.0,44910946.0,
United States,128217029,2021-03-23,"Johnson&Johnson, Moderna, Pfizer/BioNTech",https://covid.cdc.gov/covid-data-tracker/#vaccinations,83930495.0,45533962.0,
United States,130473853,2021-03-24,"Johnson&Johnson, Moderna, Pfizer/BioNTech",https://covid.cdc.gov/covid-data-tracker/#vaccinations,85472166.0,46365515.0,
United States,133305295,2021-03-25,"Johnson&Johnson, Moderna, Pfizer/BioNTech",https://covid.cdc.gov/covid-data-tracker/#vaccinations,87343622.0,47419832.0,
United States,136684688,2021-03-26,"Johnson&Johnson, Moderna, Pfizer/BioNTech",https://covid.cdc.gov/covid-data-tracker/#vaccinations,89559225.0,48695172.0,
United States,140180735,2021-03-27,"Johnson&Johnson, Moderna, Pfizer/BioNTech",https://covid.cdc.gov/covid-data-tracker/#vaccinations,91707729.0,50141769.0,
United States,143462691,2021-03-28,"Johnson&Johnson, Moderna, Pfizer/BioNTech",https://covid.cdc.gov/covid-data-tracker/#vaccinations,93631163.0,51593564.0,
United States,145812835,2021-03-29,"Johnson&Johnson, Moderna, Pfizer/BioNTech",https://covid.cdc.gov/covid-data-tracker/#vaccinations,95015762.0,52614231.0,
United States,147602345,2021-03-30,"Johnson&Johnson, Moderna, Pfizer/BioNTech",https://covid.cdc.gov/covid-data-tracker/#vaccinations,96044046.0,53423486.0,
United States,150273292,2021-03-31,"Johnson&Johnson, Moderna, Pfizer/BioNTech",https://covid.cdc.gov/covid-data-tracker/#vaccinations,97593290.0,54607041.0,
United States,153631404,2021-04-01,"Johnson&Johnson, Moderna, Pfizer/BioNTech",https://covid.cdc.gov/covid-data-tracker/#vaccinations,99565311.0,56089614.0,
United States,157606463,2021-04-02,"Johnson&Johnson, Moderna, Pfizer/BioNTech",https://covid.cdc.gov/covid-data-tracker/#vaccinations,101804762.0,57984785.0,
United States,161688422,2021-04-03,"Johnson&Johnson, Moderna, Pfizer/BioNTech",https://covid.cdc.gov/covid-data-tracker/#vaccinations,104213478.0,59858146.0,
United States,165053746,2021-04-04,"Johnson&Johnson, Moderna, Pfizer/BioNTech",https://covid.cdc.gov/covid-data-tracker/#vaccinations,106214924.0,61416536.0,
United States,167187795,2021-04-05,"Johnson&Johnson, Moderna, Pfizer/BioNTech",https://covid.cdc.gov/covid-data-tracker/#vaccinations,107515428.0,62392065.0,
United States,168592075,2021-04-06,"Johnson&Johnson, Moderna, Pfizer/BioNTech",https://covid.cdc.gov/covid-data-tracker/#vaccinations,108301234.0,63016976.0,
United States,171476655,2021-04-07,"Johnson&Johnson, Moderna, Pfizer/BioNTech",https://covid.cdc.gov/covid-data-tracker/#vaccinations,109995734.0,64422618.0,
United States,174879716,2021-04-08,"Johnson&Johnson, Moderna, Pfizer/BioNTech",https://covid.cdc.gov/covid-data-tracker/#vaccinations,112046611.0,66203123.0,
United States,178837781,2021-04-09,"Johnson&Johnson, Moderna, Pfizer/BioNTech",https://covid.cdc.gov/covid-data-tracker/#vaccinations,114436039.0,68202458.0,
United States,183467709,2021-04-10,"Johnson&Johnson, Moderna, Pfizer/BioNTech",https://covid.cdc.gov/covid-data-tracker/#vaccinations,117142879.0,70692645.0,
United States,187047131,2021-04-11,"Johnson&Johnson, Moderna, Pfizer/BioNTech",https://covid.cdc.gov/covid-data-tracker/#vaccinations,119242902.0,72630892.0,
United States,189692045,2021-04-12,"Johnson&Johnson, Moderna, Pfizer/BioNTech",https://covid.cdc.gov/covid-data-tracker/#vaccinations,120848490.0,74066085.0,
United States,192282781,2021-04-13,"Johnson&Johnson, Moderna, Pfizer/BioNTech",https://covid.cdc.gov/covid-data-tracker/#vaccinations,122295530.0,75322283.0,
United States,194791836,2021-04-14,"Johnson&Johnson, Moderna, Pfizer/BioNTech",https://covid.cdc.gov/covid-data-tracker/#vaccinations,123917385.0,76681252.0,
United States,198317040,2021-04-15,"Johnson&Johnson, Moderna, Pfizer/BioNTech",https://covid.cdc.gov/covid-data-tracker/#vaccinations,125822868.0,78498290.0,
United States,202282923,2021-04-16,"Johnson&Johnson, Moderna, Pfizer/BioNTech",https://covid.cdc.gov/covid-data-tracker/#vaccinations,127743096.0,80609818.0,
United States,205871913,2021-04-17,"Johnson&Johnson, Moderna, Pfizer/BioNTech",https://covid.cdc.gov/covid-data-tracker/#vaccinations,129494179.0,82471151.0,
United States,209406814,2021-04-18,"Johnson&Johnson, Moderna, Pfizer/BioNTech",https://covid.cdc.gov/covid-data-tracker/#vaccinations,131247546.0,84263408.0,
United States,211581309,2021-04-19,"Johnson&Johnson, Moderna, Pfizer/BioNTech",https://covid.cdc.gov/covid-data-tracker/#vaccinations,132321628.0,85365180.0,
United States,213388238,2021-04-20,"Johnson&Johnson, Moderna, Pfizer/BioNTech",https://covid.cdc.gov/covid-data-tracker/#vaccinations,133266995.0,86223506.0,
United States,215951909,2021-04-21,"Johnson&Johnson, Moderna, Pfizer/BioNTech",https://covid.cdc.gov/covid-data-tracker/#vaccinations,134445595.0,87592646.0,
United States,218947643,2021-04-22,"Johnson&Johnson, Moderna, Pfizer/BioNTech",https://covid.cdc.gov/covid-data-tracker/#vaccinations,135791031.0,89245776.0,
United States,222322230,2021-04-23,"Johnson&Johnson, Moderna, Pfizer/BioNTech",https://covid.cdc.gov/covid-data-tracker/#vaccinations,137234889.0,91175995.0,
United States,225640460,2021-04-24,"Johnson&Johnson, Moderna, Pfizer/BioNTech",https://covid.cdc.gov/covid-data-tracker/#vaccinations,138644724.0,93078040.0,
United States,228661408,2021-04-25,"Johnson&Johnson, Moderna, Pfizer/BioNTech",https://covid.cdc.gov/covid-data-tracker/#vaccinations,139978480.0,94772329.0,
United States,230768454,2021-04-26,"Johnson&Johnson, Moderna, Pfizer/BioNTech",https://covid.cdc.gov/covid-data-tracker/#vaccinations,140969663.0,95888088.0,
United States,232407669,2021-04-27,"Johnson&Johnson, Moderna, Pfizer/BioNTech",https://covid.cdc.gov/covid-data-tracker/#vaccinations,141751857.0,96747454.0,
United States,234639414,2021-04-28,"Johnson&Johnson, Moderna, Pfizer/BioNTech",https://covid.cdc.gov/covid-data-tracker/#vaccinations,142692987.0,98044421.0,
United States,237360493,2021-04-29,"Johnson&Johnson, Moderna, Pfizer/BioNTech",https://covid.cdc.gov/covid-data-tracker/#vaccinations,143793565.0,99668945.0,
United States,240159677,2021-04-30,"Johnson&Johnson, Moderna, Pfizer/BioNTech",https://covid.cdc.gov/covid-data-tracker/#vaccinations,144894586.0,101407318.0,
United States,243463471,2021-05-01,"Johnson&Johnson, Moderna, Pfizer/BioNTech",https://covid.cdc.gov/covid-data-tracker/#vaccinations,146239208.0,103422555.0,
United States,245591469,2021-05-02,"Johnson&Johnson, Moderna, Pfizer/BioNTech",https://covid.cdc.gov/covid-data-tracker/#vaccinations,147047012.0,104774652.0,
United States,246780203,2021-05-03,"Johnson&Johnson, Moderna, Pfizer/BioNTech",https://covid.cdc.gov/covid-data-tracker/#vaccinations,147517734.0,105523520.0,
United States,247769049,2021-05-04,"Johnson&Johnson, Moderna, Pfizer/BioNTech",https://covid.cdc.gov/covid-data-tracker/#vaccinations,147894671.0,106168588.0,
United States,249566820,2021-05-05,"Johnson&Johnson, Moderna, Pfizer/BioNTech",https://covid.cdc.gov/covid-data-tracker/#vaccinations,148562891.0,107346533.0,
United States,251973752,2021-05-06,"Johnson&Johnson, Moderna, Pfizer/BioNTech",https://covid.cdc.gov/covid-data-tracker/#vaccinations,149462265.0,108926627.0,
United States,254779333,2021-05-07,"Johnson&Johnson, Moderna, Pfizer/BioNTech",https://covid.cdc.gov/covid-data-tracker/#vaccinations,150416559.0,110874920.0,
United States,257347205,2021-05-08,"Johnson&Johnson, Moderna, Pfizer/BioNTech",https://covid.cdc.gov/covid-data-tracker/#vaccinations,151315505.0,112626771.0,
United States,259716989,2021-05-09,"Johnson&Johnson, Moderna, Pfizer/BioNTech",https://covid.cdc.gov/covid-data-tracker/#vaccinations,152116936.0,114258244.0,
United States,261599381,2021-05-10,"Johnson&Johnson, Moderna, Pfizer/BioNTech",https://covid.cdc.gov/covid-data-tracker/#vaccinations,152819904.0,115530780.0,
United States,263132561,2021-05-11,"Johnson&Johnson, Moderna, Pfizer/BioNTech",https://covid.cdc.gov/covid-data-tracker/#vaccinations,153448316.0,116576359.0,
United States,264680844,2021-05-12,"Johnson&Johnson, Moderna, Pfizer/BioNTech",https://covid.cdc.gov/covid-data-tracker/#vaccinations,153986312.0,117647439.0,
United States,266596486,2021-05-13,"Johnson&Johnson, Moderna, Pfizer/BioNTech",https://covid.cdc.gov/covid-data-tracker/#vaccinations,154624231.0,118987308.0,
United States,268438666,2021-05-14,"Johnson&Johnson, Moderna, Pfizer/BioNTech",https://covid.cdc.gov/covid-data-tracker/#vaccinations,155251852.0,120258637.0,
United States,270832342,2021-05-15,"Johnson&Johnson, Moderna, Pfizer/BioNTech",https://covid.cdc.gov/covid-data-tracker/#vaccinations,156217367.0,121768268.0,
United States,272925411,2021-05-16,"Johnson&Johnson, Moderna, Pfizer/BioNTech",https://covid.cdc.gov/covid-data-tracker/#vaccinations,157132234.0,122999721.0,
United States,274411901,2021-05-17,"Johnson&Johnson, Moderna, Pfizer/BioNTech",https://covid.cdc.gov/covid-data-tracker/#vaccinations,157827208.0,123828224.0,
United States,275535207,2021-05-18,"Johnson&Johnson, Moderna, Pfizer/BioNTech",https://covid.cdc.gov/covid-data-tracker/#vaccinations,158365411.0,124455693.0,
United States,277290173,2021-05-19,"Johnson&Johnson, Moderna, Pfizer/BioNTech",https://covid.cdc.gov/covid-data-tracker/#vaccinations,159174963.0,125453423.0,
United States,279397250,2021-05-20,"Johnson&Johnson, Moderna, Pfizer/BioNTech",https://covid.cdc.gov/covid-data-tracker/#vaccinations,160177820.0,126605166.0,
United States,281595351,2021-05-21,"Johnson&Johnson, Moderna, Pfizer/BioNTech",https://covid.cdc.gov/covid-data-tracker/#vaccinations,161278336.0,127778250.0,
United States,283941223,2021-05-22,"Johnson&Johnson, Moderna, Pfizer/BioNTech",https://covid.cdc.gov/covid-data-tracker/#vaccinations,162470794.0,129006463.0,
United States,285720586,2021-05-23,"Johnson&Johnson, Moderna, Pfizer/BioNTech",https://covid.cdc.gov/covid-data-tracker/#vaccinations,163309414.0,130014175.0,
United States,286890900,2021-05-24,"Johnson&Johnson, Moderna, Pfizer/BioNTech",https://covid.cdc.gov/covid-data-tracker/#vaccinations,163907827.0,130615797.0,
United States,287788872,2021-05-25,"Johnson&Johnson, Moderna, Pfizer/BioNTech",https://covid.cdc.gov/covid-data-tracker/#vaccinations,164378258.0,131078608.0,
United States,289212304,2021-05-26,"Johnson&Johnson, Moderna, Pfizer/BioNTech",https://covid.cdc.gov/covid-data-tracker/#vaccinations,165074907.0,131850089.0,
United States,290724607,2021-05-27,"Johnson&Johnson, Moderna, Pfizer/BioNTech",https://covid.cdc.gov/covid-data-tracker/#vaccinations,165718717.0,132769894.0,
United States,292099778,2021-05-28,"Johnson&Johnson, Moderna, Pfizer/BioNTech",https://covid.cdc.gov/covid-data-tracker/#vaccinations,166388129.0,133532544.0,
United States,293705050,2021-05-29,"Johnson&Johnson, Moderna, Pfizer/BioNTech",https://covid.cdc.gov/covid-data-tracker/#vaccinations,167157043.0,134418748.0,
United States,294928850,2021-05-30,"Johnson&Johnson, Moderna, Pfizer/BioNTech",https://covid.cdc.gov/covid-data-tracker/#vaccinations,167733972.0,135087319.0,
United States,296404240,2021-06-01,"Johnson&Johnson, Moderna, Pfizer/BioNTech",https://covid.cdc.gov/covid-data-tracker/#vaccinations,168489729.0,135867425.0,
United States,296912892,2021-06-02,"Johnson&Johnson, Moderna, Pfizer/BioNTech",https://covid.cdc.gov/covid-data-tracker/#vaccinations,168734435.0,136155250.0,
United States,297720928,2021-06-03,"Johnson&Johnson, Moderna, Pfizer/BioNTech",https://covid.cdc.gov/covid-data-tracker/#vaccinations,169090262.0,136644618.0,
United States,299120522,2021-06-04,"Johnson&Johnson, Moderna, Pfizer/BioNTech",https://covid.cdc.gov/covid-data-tracker/#vaccinations,169735441.0,137455367.0,
United States,300268730,2021-06-05,"Johnson&Johnson, Moderna, Pfizer/BioNTech",https://covid.cdc.gov/covid-data-tracker/#vaccinations,170272150.0,138112702.0,
United States,301638578,2021-06-06,"Johnson&Johnson, Moderna, Pfizer/BioNTech",https://covid.cdc.gov/covid-data-tracker/#vaccinations,170833221.0,138969323.0,
United States,302851917,2021-06-07,"Johnson&Johnson, Moderna, Pfizer/BioNTech",https://covid.cdc.gov/covid-data-tracker/#vaccinations,171310738.0,139748661.0,
United States,303923667,2021-06-08,"Johnson&Johnson, Moderna, Pfizer/BioNTech",https://covid.cdc.gov/covid-data-tracker/#vaccinations,171731584.0,140441957.0,
United States,304753476,2021-06-09,"Johnson&Johnson, Moderna, Pfizer/BioNTech",https://covid.cdc.gov/covid-data-tracker/#vaccinations,172054276.0,140980110.0,
United States,305687618,2021-06-10,"Johnson&Johnson, Moderna, Pfizer/BioNTech",https://covid.cdc.gov/covid-data-tracker/#vaccinations,172423605.0,141583252.0,
United States,306509795,2021-06-11,"Johnson&Johnson, Moderna, Pfizer/BioNTech",https://covid.cdc.gov/covid-data-tracker/#vaccinations,172758350.0,142095530.0,
United States,308112728,2021-06-12,"Johnson&Johnson, Moderna, Pfizer/BioNTech",https://covid.cdc.gov/covid-data-tracker/#vaccinations,173391711.0,143119077.0,
United States,309322545,2021-06-13,"Johnson&Johnson, Moderna, Pfizer/BioNTech",https://covid.cdc.gov/covid-data-tracker/#vaccinations,173840483.0,143921222.0,
United States,310645827,2021-06-14,"Johnson&Johnson, Moderna, Pfizer/BioNTech",https://covid.cdc.gov/covid-data-tracker/#vaccinations,174234573.0,144919339.0,
United States,311886674,2021-06-15,"Johnson&Johnson, Moderna, Pfizer/BioNTech",https://covid.cdc.gov/covid-data-tracker/#vaccinations,174674144.0,145768367.0,
United States,312915170,2021-06-16,"Johnson&Johnson, Moderna, Pfizer/BioNTech",https://covid.cdc.gov/covid-data-tracker/#vaccinations,175053401.0,146456124.0,
United States,314969386,2021-06-17,"Johnson&Johnson, Moderna, Pfizer/BioNTech",https://covid.cdc.gov/covid-data-tracker/COVIDData/getAjaxData?id=vaccination_data,175867860.0,147758585.0,
United States,316048776,2021-06-18,"Johnson&Johnson, Moderna, Pfizer/BioNTech",https://covid.cdc.gov/covid-data-tracker/COVIDData/getAjaxData?id=vaccination_data,176290249.0,148459003.0,
United States,317117797,2021-06-19,"Johnson&Johnson, Moderna, Pfizer/BioNTech",https://covid.cdc.gov/covid-data-tracker/COVIDData/getAjaxData?id=vaccination_data,176737141.0,149125164.0,
United States,317966408,2021-06-20,"Johnson&Johnson, Moderna, Pfizer/BioNTech",https://covid.cdc.gov/covid-data-tracker/COVIDData/getAjaxData?id=vaccination_data,177088290.0,149667646.0,
United States,318576441,2021-06-21,"Johnson&Johnson, Moderna, Pfizer/BioNTech",https://covid.cdc.gov/covid-data-tracker/COVIDData/getAjaxData?id=vaccination_data,177342954.0,150046006.0,
United States,319223844,2021-06-22,"Johnson&Johnson, Moderna, Pfizer/BioNTech",https://covid.cdc.gov/covid-data-tracker/COVIDData/getAjaxData?id=vaccination_data,177635067.0,150424675.0,
United States,319872053,2021-06-23,"Johnson&Johnson, Moderna, Pfizer/BioNTech",https://covid.cdc.gov/covid-data-tracker/COVIDData/getAjaxData?id=vaccination_data,177948892.0,150787303.0,
United States,320687205,2021-06-24,"Johnson&Johnson, Moderna, Pfizer/BioNTech",https://covid.cdc.gov/covid-data-tracker/COVIDData/getAjaxData?id=vaccination_data,178331677.0,151252034.0,
United States,321199379,2021-06-25,"Johnson&Johnson, Moderna, Pfizer/BioNTech",https://covid.cdc.gov/covid-data-tracker/COVIDData/getAjaxData?id=vaccination_data,178491147.0,151615554.0,
United States,322123103,2021-06-26,"Johnson&Johnson, Moderna, Pfizer/BioNTech",https://covid.cdc.gov/covid-data-tracker/COVIDData/getAjaxData?id=vaccination_data,178873816.0,152184243.0,
United States,323327328,2021-06-27,"Johnson&Johnson, Moderna, Pfizer/BioNTech",https://covid.cdc.gov/covid-data-tracker/COVIDData/getAjaxData?id=vaccination_data,179261269.0,153028665.0,
United States,324414371,2021-06-28,"Johnson&Johnson, Moderna, Pfizer/BioNTech",https://covid.cdc.gov/covid-data-tracker/COVIDData/getAjaxData?id=vaccination_data,179615165.0,153776118.0,
United States,325152847,2021-06-29,"Johnson&Johnson, Moderna, Pfizer/BioNTech",https://covid.cdc.gov/covid-data-tracker/COVIDData/getAjaxData?id=vaccination_data,179940202.0,154199664.0,
United States,326521526,2021-06-30,"Johnson&Johnson, Moderna, Pfizer/BioNTech",https://covid.cdc.gov/covid-data-tracker/COVIDData/getAjaxData?id=vaccination_data,180674739.0,154884686.0,
United States,328152304,2021-07-01,"Johnson&Johnson, Moderna, Pfizer/BioNTech",https://covid.cdc.gov/covid-data-tracker/COVIDData/getAjaxData?id=vaccination_data,181339416.0,155884601.0,
United States,328809470,2021-07-02,"Johnson&Johnson, Moderna, Pfizer/BioNTech",https://covid.cdc.gov/covid-data-tracker/COVIDData/getAjaxData?id=vaccination_data,181650678.0,156255896.0,
United States,329970551,2021-07-03,"Johnson&Johnson, Moderna, Pfizer/BioNTech",https://covid.cdc.gov/covid-data-tracker/COVIDData/getAjaxData?id=vaccination_data,182109860.0,156982549.0,
United States,330604253,2021-07-04,"Johnson&Johnson, Moderna, Pfizer/BioNTech",https://covid.cdc.gov/covid-data-tracker/COVIDData/getAjaxData?id=vaccination_data,182412776.0,157323738.0,
United States,331214347,2021-07-06,"Johnson&Johnson, Moderna, Pfizer/BioNTech",https://covid.cdc.gov/covid-data-tracker/COVIDData/getAjaxData?id=vaccination_data,182714064.0,157636088.0,
United States,331651464,2021-07-07,"Johnson&Johnson, Moderna, Pfizer/BioNTech",https://covid.cdc.gov/covid-data-tracker/COVIDData/getAjaxData?id=vaccination_data,182896080.0,157908171.0,
United States,332345797,2021-07-08,"Johnson&Johnson, Moderna, Pfizer/BioNTech",https://covid.cdc.gov/covid-data-tracker/COVIDData/getAjaxData?id=vaccination_data,183237046.0,158287566.0,
United States,332966409,2021-07-09,"Johnson&Johnson, Moderna, Pfizer/BioNTech",https://covid.cdc.gov/covid-data-tracker/COVIDData/getAjaxData?id=vaccination_data,183542871.0,158629431.0,
United States,333565404,2021-07-10,"Johnson&Johnson, Moderna, Pfizer/BioNTech",https://covid.cdc.gov/covid-data-tracker/COVIDData/getAjaxData?id=vaccination_data,183836917.0,158954417.0,
United States,334151648,2021-07-11,"Johnson&Johnson, Moderna, Pfizer/BioNTech",https://covid.cdc.gov/covid-data-tracker/COVIDData/getAjaxData?id=vaccination_data,184132768.0,159266536.0,
United States,334600770,2021-07-12,"Johnson&Johnson, Moderna, Pfizer/BioNTech",https://covid.cdc.gov/covid-data-tracker/COVIDData/getAjaxData?id=vaccination_data,184365333.0,159499224.0,
United States,334942236,2021-07-13,"Johnson&Johnson, Moderna, Pfizer/BioNTech",https://covid.cdc.gov/covid-data-tracker/COVIDData/getAjaxData?id=vaccination_data,184543821.0,159675163.0,
United States,335487779,2021-07-14,"Johnson&Johnson, Moderna, Pfizer/BioNTech",https://covid.cdc.gov/covid-data-tracker/COVIDData/getAjaxData?id=vaccination_data,184835149.0,160126516.0,
United States,336054953,2021-07-15,"Johnson&Johnson, Moderna, Pfizer/BioNTech",https://covid.cdc.gov/covid-data-tracker/COVIDData/getAjaxData?id=vaccination_data,185135757.0,160408538.0,
United States,336604158,2021-07-16,"Johnson&Johnson, Moderna, Pfizer/BioNTech",https://covid.cdc.gov/covid-data-tracker/COVIDData/getAjaxData?id=vaccination_data,185424899.0,160686378.0,
United States,337239448,2021-07-17,"Johnson&Johnson, Moderna, Pfizer/BioNTech",https://covid.cdc.gov/covid-data-tracker/COVIDData/getAjaxData?id=vaccination_data,185765452.0,160994035.0,
United States,337740358,2021-07-18,"Johnson&Johnson, Moderna, Pfizer/BioNTech",https://covid.cdc.gov/covid-data-tracker/COVIDData/getAjaxData?id=vaccination_data,186038501.0,161232483.0,
United States,338247434,2021-07-19,"Johnson&Johnson, Moderna, Pfizer/BioNTech",https://covid.cdc.gov/covid-data-tracker/COVIDData/getAjaxData?id=vaccination_data,186317651.0,161473715.0,
United States,338491374,2021-07-20,"Johnson&Johnson, Moderna, Pfizer/BioNTech",https://covid.cdc.gov/covid-data-tracker/COVIDData/getAjaxData?id=vaccination_data,186474836.0,161631676.0,
United States,339102867,2021-07-21,"Johnson&Johnson, Moderna, Pfizer/BioNTech",https://covid.cdc.gov/covid-data-tracker/COVIDData/getAjaxData?id=vaccination_data,186819440.0,161895045.0,
United States,339763765,2021-07-22,"Johnson&Johnson, Moderna, Pfizer/BioNTech",https://covid.cdc.gov/covid-data-tracker/COVIDData/getAjaxData?id=vaccination_data,187216168.0,162174165.0,
United States,340363922,2021-07-23,"Johnson&Johnson, Moderna, Pfizer/BioNTech",https://covid.cdc.gov/covid-data-tracker/COVIDData/getAjaxData?id=vaccination_data,187579557.0,162435276.0,
United States,341039972,2021-07-24,"Johnson&Johnson, Moderna, Pfizer/BioNTech",https://covid.cdc.gov/covid-data-tracker/COVIDData/getAjaxData?id=vaccination_data,187982826.0,162725812.0,
United States,341818968,2021-07-25,"Johnson&Johnson, Moderna, Pfizer/BioNTech",https://covid.cdc.gov/covid-data-tracker/COVIDData/getAjaxData?id=vaccination_data,188472188.0,163025726.0,
United States,342212051,2021-07-26,"Johnson&Johnson, Moderna, Pfizer/BioNTech",https://covid.cdc.gov/covid-data-tracker/COVIDData/getAjaxData?id=vaccination_data,188729282.0,163173366.0,
United States,342607540,2021-07-27,"Johnson&Johnson, Moderna, Pfizer/BioNTech",https://covid.cdc.gov/covid-data-tracker/COVIDData/getAjaxData?id=vaccination_data,188996475.0,163312474.0,
United States,343361524,2021-07-28,"Johnson&Johnson, Moderna, Pfizer/BioNTech",https://covid.cdc.gov/covid-data-tracker/COVIDData/getAjaxData?id=vaccination_data,189494180.0,163588042.0,
United States,344071595,2021-07-29,"Johnson&Johnson, Moderna, Pfizer/BioNTech",https://covid.cdc.gov/covid-data-tracker/COVIDData/getAjaxData?id=vaccination_data,189945907.0,163868916.0,
United States,344928514,2021-07-30,"Johnson&Johnson, Moderna, Pfizer/BioNTech",https://covid.cdc.gov/covid-data-tracker/COVIDData/getAjaxData?id=vaccination_data,190509183.0,164184080.0,
United States,345640466,2021-07-31,"Johnson&Johnson, Moderna, Pfizer/BioNTech",https://covid.cdc.gov/covid-data-tracker/COVIDData/getAjaxData?id=vaccination_data,190982149.0,164446964.0,
United States,346456669,2021-08-01,"Johnson&Johnson, Moderna, Pfizer/BioNTech",https://covid.cdc.gov/covid-data-tracker/COVIDData/getAjaxData?id=vaccination_data,191498983.0,164757423.0,
United States,346924345,2021-08-02,"Johnson&Johnson, Moderna, Pfizer/BioNTech",https://covid.cdc.gov/covid-data-tracker/COVIDData/getAjaxData?id=vaccination_data,191818585.0,164919666.0,
United States,347377149,2021-08-03,"Johnson&Johnson, Moderna, Pfizer/BioNTech",https://covid.cdc.gov/covid-data-tracker/COVIDData/getAjaxData?id=vaccination_data,192120576.0,165081416.0,
United States,348102478,2021-08-04,"Johnson&Johnson, Moderna, Pfizer/BioNTech",https://covid.cdc.gov/covid-data-tracker/COVIDData/getAjaxData?id=vaccination_data,192614017.0,165334987.0,
United States,348966419,2021-08-05,"Johnson&Johnson, Moderna, Pfizer/BioNTech",https://covid.cdc.gov/covid-data-tracker/COVIDData/getAjaxData?id=vaccination_data,193199353.0,165637566.0,
United States,349787479,2021-08-06,"Johnson&Johnson, Moderna, Pfizer/BioNTech",https://covid.cdc.gov/covid-data-tracker/COVIDData/getAjaxData?id=vaccination_data,193764457.0,165918256.0,
United States,350627188,2021-08-07,"Johnson&Johnson, Moderna, Pfizer/BioNTech",https://covid.cdc.gov/covid-data-tracker/COVIDData/getAjaxData?id=vaccination_data,194346486.0,166203176.0,
United States,351400930,2021-08-08,"Johnson&Johnson, Moderna, Pfizer/BioNTech",https://covid.cdc.gov/covid-data-tracker/COVIDData/getAjaxData?id=vaccination_data,194866738.0,166477481.0,
United States,351933175,2021-08-09,"Johnson&Johnson, Moderna, Pfizer/BioNTech",https://covid.cdc.gov/covid-data-tracker/COVIDData/getAjaxData?id=vaccination_data,195222906.0,166654374.0,
United States,352550944,2021-08-10,"Johnson&Johnson, Moderna, Pfizer/BioNTech",https://covid.cdc.gov/covid-data-tracker/COVIDData/getAjaxData?id=vaccination_data,195646711.0,166861912.0,
United States,353205544,2021-08-11,"Johnson&Johnson, Moderna, Pfizer/BioNTech",https://covid.cdc.gov/covid-data-tracker/COVIDData/getAjaxData?id=vaccination_data,196077952.0,167105507.0,
United States,353859894,2021-08-12,"Johnson&Johnson, Moderna, Pfizer/BioNTech",https://covid.cdc.gov/covid-data-tracker/COVIDData/getAjaxData?id=vaccination_data,196505543.0,167354729.0,
United States,354777950,2021-08-13,"Johnson&Johnson, Moderna, Pfizer/BioNTech",https://covid.cdc.gov/covid-data-tracker/COVIDData/getAjaxData?id=vaccination_data,197081471.0,167699170.0,
United States,355768825,2021-08-14,"Johnson&Johnson, Moderna, Pfizer/BioNTech",https://covid.cdc.gov/covid-data-tracker/COVIDData/getAjaxData?id=vaccination_data,197685048.0,168090925.0,
United States,356433665,2021-08-15,"Johnson&Johnson, Moderna, Pfizer/BioNTech",https://covid.cdc.gov/covid-data-tracker/COVIDData/getAjaxData?id=vaccination_data,198088722.0,168362058.0,
United States,357292057,2021-08-16,"Johnson&Johnson, Moderna, Pfizer/BioNTech",https://covid.cdc.gov/covid-data-tracker/COVIDData/getAjaxData?id=vaccination_data,198595349.0,168689357.0,
United States,357894995,2021-08-17,"Johnson&Johnson, Moderna, Pfizer/BioNTech",https://covid.cdc.gov/covid-data-tracker/COVIDData/getAjaxData?id=vaccination_data,198929642.0,168897604.0,
United States,358599835,2021-08-18,"Johnson&Johnson, Moderna, Pfizer/BioNTech",https://covid.cdc.gov/covid-data-tracker/COVIDData/getAjaxData?id=vaccination_data,199325940.0,169186268.0,
United States,359623380,2021-08-19,"Johnson&Johnson, Moderna, Pfizer/BioNTech",https://covid.cdc.gov/covid-data-tracker/COVIDData/getAjaxData?id=vaccination_data,199887548.0,169592873.0,
United States,360634287,2021-08-20,"Johnson&Johnson, Moderna, Pfizer/BioNTech",https://covid.cdc.gov/covid-data-tracker/COVIDData/getAjaxData?id=vaccination_data,200421787.0,169998983.0,
United States,361684564,2021-08-21,"Johnson&Johnson, Moderna, Pfizer/BioNTech",https://covid.cdc.gov/covid-data-tracker/COVIDData/getAjaxData?id=vaccination_data,200947556.0,170406785.0,
United States,362657771,2021-08-22,"Johnson&Johnson, Moderna, Pfizer/BioNTech",https://covid.cdc.gov/covid-data-tracker/COVIDData/getAjaxData?id=vaccination_data,201425785.0,170821621.0,
United States,363267789,2021-08-23,"Johnson&Johnson, Moderna, Pfizer/BioNTech",https://covid.cdc.gov/covid-data-tracker/COVIDData/getAjaxData?id=vaccination_data,201718587.0,171088954.0,
United States,363915792,2021-08-24,"Johnson&Johnson, Moderna, Pfizer/BioNTech",https://covid.cdc.gov/covid-data-tracker/COVIDData/getAjaxData?id=vaccination_data,202041893.0,171367657.0,
United States,364842701,2021-08-25,"Johnson&Johnson, Moderna, Pfizer/BioNTech",https://covid.cdc.gov/covid-data-tracker/COVIDData/getAjaxData?id=vaccination_data,202500853.0,171773370.0,
United States,365767674,2021-08-26,"Johnson&Johnson, Moderna, Pfizer/BioNTech",https://covid.cdc.gov/covid-data-tracker/COVIDData/getAjaxData?id=vaccination_data,202961676.0,172171009.0,
United States,366838484,2021-08-27,"Johnson&Johnson, Moderna, Pfizer/BioNTech",https://covid.cdc.gov/covid-data-tracker/COVIDData/getAjaxData?id=vaccination_data,203475192.0,172646952.0,
United States,367911870,2021-08-28,"Johnson&Johnson, Moderna, Pfizer/BioNTech",https://covid.cdc.gov/covid-data-tracker/COVIDData/getAjaxData?id=vaccination_data,203992008.0,173101292.0,
United States,368863734,2021-08-29,"Johnson&Johnson, Moderna, Pfizer/BioNTech",https://covid.cdc.gov/covid-data-tracker/COVIDData/getAjaxData?id=vaccination_data,204435968.0,173520211.0,
United States,369556911,2021-08-30,"Johnson&Johnson, Moderna, Pfizer/BioNTech",https://covid.cdc.gov/covid-data-tracker/COVIDData/getAjaxData?id=vaccination_data,204742648.0,173832202.0,
United States,370212027,2021-08-31,"Johnson&Johnson, Moderna, Pfizer/BioNTech",https://covid.cdc.gov/covid-data-tracker/COVIDData/getAjaxData?id=vaccination_data,205026070.0,174121529.0,
United States,371280129,2021-09-01,"Johnson&Johnson, Moderna, Pfizer/BioNTech",https://covid.cdc.gov/covid-data-tracker/COVIDData/getAjaxData?id=vaccination_data,205527578.0,174600017.0,
United States,372116617,2021-09-02,"Johnson&Johnson, Moderna, Pfizer/BioNTech",https://covid.cdc.gov/covid-data-tracker/COVIDData/getAjaxData?id=vaccination_data,205911640.0,174973937.0,
United States,373516809,2021-09-03,"Johnson&Johnson, Moderna, Pfizer/BioNTech",https://covid.cdc.gov/covid-data-tracker/COVIDData/getAjaxData?id=vaccination_data,206461869.0,175538025.0,
United States,374488924,2021-09-04,"Johnson&Johnson, Moderna, Pfizer/BioNTech",https://covid.cdc.gov/covid-data-tracker/COVIDData/getAjaxData?id=vaccination_data,206908710.0,175968266.0,
United States,375995378,2021-09-07,"Johnson&Johnson, Moderna, Pfizer/BioNTech",https://covid.cdc.gov/covid-data-tracker/COVIDData/getAjaxData?id=vaccination_data,207589611.0,176659496.0,
United States,376955132,2021-09-08,"Johnson&Johnson, Moderna, Pfizer/BioNTech",https://covid.cdc.gov/covid-data-tracker/COVIDData/getAjaxData?id=vaccination_data,208024209.0,177104652.0,
United States,377622065,2021-09-09,"Johnson&Johnson, Moderna, Pfizer/BioNTech",https://covid.cdc.gov/covid-data-tracker/COVIDData/getAjaxData?id=vaccination_data,208305270.0,177433044.0,
United States,378569717,2021-09-10,"Johnson&Johnson, Moderna, Pfizer/BioNTech",https://covid.cdc.gov/covid-data-tracker/COVIDData/getAjaxData?id=vaccination_data,208704230.0,177899458.0,
United States,379472220,2021-09-11,"Johnson&Johnson, Moderna, Pfizer/BioNTech",https://covid.cdc.gov/covid-data-tracker/COVIDData/getAjaxData?id=vaccination_data,209099300.0,178328389.0,
United States,380241903,2021-09-12,"Johnson&Johnson, Moderna, Pfizer/BioNTech",https://covid.cdc.gov/covid-data-tracker/COVIDData/getAjaxData?id=vaccination_data,209437152.0,178692875.0,
United States,380831725,2021-09-13,"Johnson&Johnson, Moderna, Pfizer/BioNTech",https://covid.cdc.gov/covid-data-tracker/COVIDData/getAjaxData?id=vaccination_data,209701005.0,178982950.0,
United States,381453265,2021-09-14,"Johnson&Johnson, Moderna, Pfizer/BioNTech",https://covid.cdc.gov/covid-data-tracker/COVIDData/getAjaxData?id=vaccination_data,209982936.0,179289983.0,
United States,382294795,2021-09-15,"Johnson&Johnson, Moderna, Pfizer/BioNTech",https://covid.cdc.gov/covid-data-tracker/COVIDData/getAjaxData?id=vaccination_data,210361099.0,179695287.0,
United States,383038403,2021-09-16,"Johnson&Johnson, Moderna, Pfizer/BioNTech",https://covid.cdc.gov/covid-data-tracker/COVIDData/getAjaxData?id=vaccination_data,210700361.0,180086143.0,
United States,383994877,2021-09-17,"Johnson&Johnson, Moderna, Pfizer/BioNTech",https://covid.cdc.gov/covid-data-tracker/COVIDData/getAjaxData?id=vaccination_data,211097597.0,180572171.0,
